of,von,EN-GE
and,und,EN-GE
to,nach,EN-GE
a,ein,EN-GE
in,im,EN-GE
is,ist,EN-GE
you,sie,EN-GE
are,sind,EN-GE
for,für,EN-GE
that,dass,EN-GE
or,oder,EN-GE
it,es,EN-GE
as,wie,EN-GE
be,sein,EN-GE
on,auf,EN-GE
your,ihre,EN-GE
with,mit,EN-GE
can,kann,EN-GE
have,haben,EN-GE
this,dies,EN-GE
an,ein,EN-GE
by,durch,EN-GE
not,nicht,EN-GE
but,aber,EN-GE
at,beim,EN-GE
from,von,EN-GE
i,ich,EN-GE
they,sie,EN-GE
more,mehr,EN-GE
will,werden,EN-GE
if,ob,EN-GE
some,etwas,EN-GE
there,dort,EN-GE
what,was,EN-GE
about,etwa,EN-GE
which,welche,EN-GE
when,wann,EN-GE
one,eins,EN-GE
their,ihr,EN-GE
all,alle,EN-GE
also,ebenfalls,EN-GE
how,wie,EN-GE
many,viele,EN-GE
do,machen,EN-GE
has,hat,EN-GE
most,die meisten,EN-GE
people,menschen,EN-GE
other,andere,EN-GE
time,zeit,EN-GE
so,damit,EN-GE
was,war,EN-GE
we,wir,EN-GE
these,diese,EN-GE
may,kann,EN-GE
like,mögen,EN-GE
use,benutzen,EN-GE
into,in,EN-GE
than,als,EN-GE
up,oben,EN-GE
out,aus,EN-GE
who,wer,EN-GE
them,sie,EN-GE
make,machen,EN-GE
because,weil,EN-GE
such,eine solche,EN-GE
through,durch,EN-GE
get,bekommen,EN-GE
work,arbeit,EN-GE
even,sogar,EN-GE
different,anders,EN-GE
its,seine,EN-GE
no,nein,EN-GE
our,unser,EN-GE
new,neu,EN-GE
film,film,EN-GE
just,gerade,EN-GE
only,nur,EN-GE
see,sehen,EN-GE
used,benutzt,EN-GE
good,gut,EN-GE
water,wasser,EN-GE
been,wurden,EN-GE
need,brauchen,EN-GE
should,sollte,EN-GE
very,sehr,EN-GE
any,irgendein,EN-GE
history,geschichte,EN-GE
often,häufig,EN-GE
way,weg,EN-GE
well,gut,EN-GE
art,kunst,EN-GE
know,kennt,EN-GE
were,wurden,EN-GE
then,dann,EN-GE
my,meine,EN-GE
first,zuerst,EN-GE
would,würde,EN-GE
money,geld,EN-GE
each,jeder,EN-GE
over,zu ende,EN-GE
world,welt,EN-GE
information,information,EN-GE
map,karte,EN-GE
find,finden,EN-GE
where,woher,EN-GE
much,viel,EN-GE
take,nehmen,EN-GE
two,zwei,EN-GE
want,wollen,EN-GE
important,wichtig,EN-GE
family,familie,EN-GE
those,jene,EN-GE
example,beispiel,EN-GE
while,während,EN-GE
he,er,EN-GE
look,schau,EN-GE
government,regierung,EN-GE
before,vor,EN-GE
help,hilfe,EN-GE
between,zwischen,EN-GE
go,gehen,EN-GE
own,besitzen,EN-GE
however,aber,EN-GE
business,geschäft,EN-GE
us,uns,EN-GE
great,groß,EN-GE
his,seine,EN-GE
being,sein,EN-GE
another,eine andere,EN-GE
health,gesundheit,EN-GE
same,gleich,EN-GE
study,studie,EN-GE
why,warum,EN-GE
few,wenige,EN-GE
game,spiel,EN-GE
might,macht,EN-GE
think,denken,EN-GE
free,frei,EN-GE
too,auch,EN-GE
had,hätten,EN-GE
hi,hallo,EN-GE
right,recht,EN-GE
still,immer noch,EN-GE
system,system,EN-GE
after,nach,EN-GE
computer,computer,EN-GE
best,beste,EN-GE
must,sollen,EN-GE
her,ihr,EN-GE
life,leben,EN-GE
since,schon seit,EN-GE
could,könnte,EN-GE
does,nicht,EN-GE
now,jetzt,EN-GE
during,während,EN-GE
learn,lernen,EN-GE
around,um,EN-GE
usually,gewöhnlich,EN-GE
form,bilden,EN-GE
meat,fleisch,EN-GE
air,luft,EN-GE
day,tag,EN-GE
place,ort,EN-GE
become,werden,EN-GE
number,nummer,EN-GE
public,öffentlichkeit,EN-GE
read,lesen,EN-GE
keep,behalten,EN-GE
part,teil,EN-GE
start,anfang,EN-GE
year,jahr,EN-GE
every,jeden,EN-GE
field,feld,EN-GE
large,groß,EN-GE
once,einmal,EN-GE
available,erhältlich,EN-GE
down,unten,EN-GE
give,geben,EN-GE
fish,fisch,EN-GE
human,menschlichen,EN-GE
both,beide,EN-GE
local,lokal,EN-GE
sure,sicher,EN-GE
something,etwas,EN-GE
without,ohne,EN-GE
come,kommen,EN-GE
me,mich,EN-GE
back,zurück,EN-GE
better,besser,EN-GE
general,general,EN-GE
process,verarbeiten,EN-GE
she,sie,EN-GE
heat,hitze,EN-GE
thanks,vielen dank,EN-GE
specific,spezifisch,EN-GE
enough,genug,EN-GE
long,lange,EN-GE
lot,los,EN-GE
hand,hand,EN-GE
popular,beliebt,EN-GE
small,klein,EN-GE
though,obwohl,EN-GE
experience,erfahrung,EN-GE
include,einschließen,EN-GE
job,job,EN-GE
music,musik-,EN-GE
person,person,EN-GE
really,wirklich,EN-GE
although,obwohl,EN-GE
thank,danken,EN-GE
book,buch,EN-GE
early,früh,EN-GE
reading,lesen,EN-GE
end,ende,EN-GE
method,methode,EN-GE
never,nie,EN-GE
less,weniger,EN-GE
play,spielen,EN-GE
able,fähig,EN-GE
data,daten,EN-GE
feel,fühlen,EN-GE
high,hoch,EN-GE
off,aus,EN-GE
point,punkt,EN-GE
type,art,EN-GE
whether,ob,EN-GE
food,lebensmittel,EN-GE
understanding,verstehen,EN-GE
here,hier,EN-GE
home,zuhause,EN-GE
certain,sicher,EN-GE
economy,wirtschaft,EN-GE
little,wenig,EN-GE
theory,theorie,EN-GE
tonight,heute abend,EN-GE
law,recht,EN-GE
put,stellen,EN-GE
under,unter,EN-GE
value,wert,EN-GE
always,immer,EN-GE
body,körper,EN-GE
common,verbreitet,EN-GE
market,markt,EN-GE
set,set,EN-GE
bird,vogel,EN-GE
guide,führen,EN-GE
provide,zu verfügung stellen,EN-GE
change,veränderung,EN-GE
interest,interessieren,EN-GE
literature,literatur,EN-GE
sometimes,manchmal,EN-GE
problem,problem,EN-GE
say,sagen,EN-GE
next,nächster,EN-GE
create,erstellen,EN-GE
simple,einfach,EN-GE
software,software,EN-GE
state,bundesland,EN-GE
together,zusammen,EN-GE
control,steuern,EN-GE
knowledge,wissen,EN-GE
power,power,EN-GE
radio,radio,EN-GE
ability,fähigkeit,EN-GE
basic,basic,EN-GE
course,kurs,EN-GE
economics,wirtschaft,EN-GE
hard,hart,EN-GE
add,hinzufügen,EN-GE
company,unternehmen,EN-GE
known,bekannt,EN-GE
love,liebe,EN-GE
past,vergangenheit,EN-GE
price,preis,EN-GE
size,größe,EN-GE
away,ein weg,EN-GE
big,groß,EN-GE
internet,internet,EN-GE
possible,möglich,EN-GE
television,fernsehen,EN-GE
three,drei,EN-GE
understand,verstehen,EN-GE
various,verschiedene,EN-GE
yourself,sich,EN-GE
card,karte,EN-GE
difficult,schwer,EN-GE
including,einschließlich,EN-GE
list,liste,EN-GE
mind,verstand,EN-GE
particular,insbesondere,EN-GE
real,echt,EN-GE
science,wissenschaft,EN-GE
trade,handel,EN-GE
consider,erwägen,EN-GE
either,entweder,EN-GE
library,bibliothek,EN-GE
likely,wahrscheinlich,EN-GE
nature,natur,EN-GE
fact,tatsache,EN-GE
line,linie,EN-GE
product,produkt,EN-GE
care,pflege,EN-GE
group,gruppe,EN-GE
idea,idee,EN-GE
risk,risiko,EN-GE
several,mehrere,EN-GE
someone,jemand,EN-GE
temperature,temperatur,EN-GE
united,vereinigt,EN-GE
word,wort,EN-GE
fat,fett,EN-GE
force,kraft,EN-GE
key,schlüssel,EN-GE
light,licht,EN-GE
simply,einfach,EN-GE
today,heute,EN-GE
training,ausbildung,EN-GE
until,bis,EN-GE
major,haupt,EN-GE
name,name,EN-GE
personal,persönlich,EN-GE
school,schule,EN-GE
top,oben,EN-GE
current,strom,EN-GE
generally,allgemein,EN-GE
historical,historisch,EN-GE
investment,investition,EN-GE
left,links,EN-GE
national,national,EN-GE
amount,menge,EN-GE
level,ebene,EN-GE
order,auftrag,EN-GE
practice,praxis,EN-GE
research,forschung,EN-GE
sense,sinn,EN-GE
service,bedienung,EN-GE
area,bereich,EN-GE
cut,schneiden,EN-GE
hot,heiß,EN-GE
instead,stattdessen,EN-GE
least,am wenigsten,EN-GE
natural,natürlich,EN-GE
physical,physischen,EN-GE
piece,stück,EN-GE
show,show,EN-GE
society,gesellschaft,EN-GE
try,versuchen,EN-GE
check,prüfen,EN-GE
choose,wählen,EN-GE
develop,entwickeln,EN-GE
second,zweite,EN-GE
useful,sinnvoll,EN-GE
web,web,EN-GE
activity,aktivität,EN-GE
boss,chef,EN-GE
short,kurz,EN-GE
story,geschichte,EN-GE
call,anruf,EN-GE
industry,industrie,EN-GE
last,letzte,EN-GE
media,medien,EN-GE
mental,geistig,EN-GE
move,bewegung,EN-GE
pay,bezahlen,EN-GE
sport,sport,EN-GE
thing,ding,EN-GE
actually,tatsächlich,EN-GE
against,gegen,EN-GE
far,weit,EN-GE
fun,spaß,EN-GE
house,haus,EN-GE
let,lassen,EN-GE
page,seite,EN-GE
remember,merken,EN-GE
term,begriff,EN-GE
test,test,EN-GE
within,innerhalb,EN-GE
along,entlang,EN-GE
answer,antworten,EN-GE
increase,"erhöhen, ansteigen",EN-GE
oven,ofen,EN-GE
quite,ganz,EN-GE
scared,erschrocken,EN-GE
single,single,EN-GE
sound,klingen,EN-GE
again,aufs neue,EN-GE
community,gemeinschaft,EN-GE
definition,definition,EN-GE
focus,fokus,EN-GE
individual,person,EN-GE
matter,angelegenheit,EN-GE
safety,sicherheit,EN-GE
turn,wende,EN-GE
everything,alles,EN-GE
kind,art,EN-GE
quality,qualität,EN-GE
soil,boden,EN-GE
ask,fragen,EN-GE
board,tafel,EN-GE
buy,kaufen,EN-GE
development,entwicklung,EN-GE
guard,bewachen,EN-GE
hold,halten,EN-GE
language,sprache,EN-GE
later,später,EN-GE
main,main,EN-GE
offer,angebot,EN-GE
oil,öl,EN-GE
picture,bild,EN-GE
potential,potenzial,EN-GE
professional,professional,EN-GE
rather,lieber,EN-GE
access,zugriff,EN-GE
additional,zusätzlich,EN-GE
almost,fast,EN-GE
especially,insbesondere,EN-GE
garden,garten,EN-GE
international,international,EN-GE
lower,niedriger,EN-GE
management,management,EN-GE
open,öffnen,EN-GE
player,spieler,EN-GE
range,angebot,EN-GE
rate,preis,EN-GE
reason,grund,EN-GE
travel,reise,EN-GE
variety,vielfalt,EN-GE
video,video,EN-GE
week,woche,EN-GE
above,über,EN-GE
according,entsprechend,EN-GE
cook,koch,EN-GE
determine,bestimmen,EN-GE
future,zukunft,EN-GE
site,standort,EN-GE
alternative,alternative,EN-GE
demand,nachfrage,EN-GE
ever,jemals,EN-GE
exercise,übung,EN-GE
following,folgen,EN-GE
image,image,EN-GE
quickly,schnell,EN-GE
special,besondere,EN-GE
working,arbeiten,EN-GE
case,fall,EN-GE
cause,ursache,EN-GE
coast,küste,EN-GE
probably,wahrscheinlich,EN-GE
security,sicherheit,EN-GE
true,wahr,EN-GE
whole,ganze,EN-GE
action,aktion,EN-GE
age,alter,EN-GE
among,unter,EN-GE
bad,schlecht,EN-GE
boat,boot,EN-GE
country,land,EN-GE
dance,tanzen,EN-GE
exam,prüfung,EN-GE
excuse,ausrede,EN-GE
grow,größer werden,EN-GE
movie,film,EN-GE
organization,organisation,EN-GE
record,aufzeichnen,EN-GE
result,ergebnis,EN-GE
section,abschnitt,EN-GE
across,über,EN-GE
already,bereits,EN-GE
below,unten,EN-GE
building,gebäude,EN-GE
mouse,maus,EN-GE
allow,zulassen,EN-GE
cash,kasse,EN-GE
class,klasse,EN-GE
clear,klar,EN-GE
dry,trocken,EN-GE
easy,einfach,EN-GE
emotional,emotional,EN-GE
equipment,ausrüstung,EN-GE
live,leben,EN-GE
nothing,nichts,EN-GE
period,periode,EN-GE
physics,physik,EN-GE
plan,planen,EN-GE
store,geschäft,EN-GE
tax,steuer,EN-GE
analysis,analyse,EN-GE
cold,kalt,EN-GE
commercial,kommerziell,EN-GE
directly,direkt,EN-GE
full,voll,EN-GE
involved,beteiligt,EN-GE
itself,selbst,EN-GE
low,niedrig,EN-GE
old,alt,EN-GE
policy,politik,EN-GE
political,politisch,EN-GE
purchase,kauf,EN-GE
series,serie,EN-GE
side,seite,EN-GE
subject,fach,EN-GE
supply,liefern,EN-GE
therefore,deswegen,EN-GE
thought,gedanke,EN-GE
basis,basis,EN-GE
boyfriend,freund,EN-GE
deal,deal,EN-GE
direction,richtung,EN-GE
mean,bedeuten,EN-GE
primary,primär,EN-GE
space,raum,EN-GE
strategy,strategie,EN-GE
technology,technologie,EN-GE
worth,wert,EN-GE
army,armee,EN-GE
camera,kamera,EN-GE
fall,fall,EN-GE
freedom,freiheit,EN-GE
paper,papier-,EN-GE
rule,regel,EN-GE
similar,ähnlich,EN-GE
stock,stock,EN-GE
weather,wetter,EN-GE
yet,noch,EN-GE
bring,bringen,EN-GE
chance,chance,EN-GE
environment,umwelt,EN-GE
everyone,jeder,EN-GE
figure,zahl,EN-GE
improve,verbessern,EN-GE
man,mann,EN-GE
model,modell-,EN-GE
necessary,notwendig,EN-GE
positive,positiv,EN-GE
produce,produzieren,EN-GE
search,suche,EN-GE
source,quelle,EN-GE
beginning,anfang,EN-GE
child,kind,EN-GE
earth,erde,EN-GE
else,sonst,EN-GE
healthy,gesund,EN-GE
instance,beispiel,EN-GE
maintain,pflegen,EN-GE
month,monat,EN-GE
present,geschenk,EN-GE
program,programm,EN-GE
spend,verbringen,EN-GE
talk,sich unterhalten,EN-GE
truth,wahrheit,EN-GE
upset,verärgert,EN-GE
begin,start,EN-GE
chicken,hähnchen,EN-GE
close,schließen,EN-GE
creative,kreativ,EN-GE
design,entwurf,EN-GE
feature,feature,EN-GE
financial,finanziellen,EN-GE
head,kopf,EN-GE
marketing,marketing,EN-GE
material,stoff,EN-GE
medical,medizinisch,EN-GE
purpose,zweck,EN-GE
question,frage,EN-GE
rock,rock,EN-GE
salt,salz,EN-GE
tell,sagen,EN-GE
themselves,sich,EN-GE
traditional,traditionellen,EN-GE
university,universität,EN-GE
writing,schreiben,EN-GE
act,handlung,EN-GE
article,artikel,EN-GE
birth,geburt,EN-GE
car,auto,EN-GE
cost,kosten,EN-GE
department,abteilung,EN-GE
difference,unterschied,EN-GE
dog,hund,EN-GE
drive,fahrt,EN-GE
exist,existieren,EN-GE
federal,föderal,EN-GE
goal,tor,EN-GE
green,grün,EN-GE
late,spät,EN-GE
news,nachrichten,EN-GE
object,objekt,EN-GE
scale,rahmen,EN-GE
sun,sonne,EN-GE
support,unterstützen,EN-GE
tend,neigen,EN-GE
thus,so,EN-GE
audience,publikum,EN-GE
enjoy,genießen,EN-GE
entire,ganz,EN-GE
fishing,angeln,EN-GE
fit,passen,EN-GE
glad,froh,EN-GE
growth,wachstum,EN-GE
income,einkommen,EN-GE
marriage,ehe,EN-GE
note,hinweis,EN-GE
perform,ausführen,EN-GE
profit,profitieren,EN-GE
proper,ordnungsgemäß,EN-GE
related,bezogen,EN-GE
remove,entfernen,EN-GE
rent,miete,EN-GE
return,rückkehr,EN-GE
run,lauf,EN-GE
speed,geschwindigkeit,EN-GE
strong,stark,EN-GE
style,stil,EN-GE
throughout,während,EN-GE
user,benutzer,EN-GE
war,krieg,EN-GE
actual,tatsächlich,EN-GE
appropriate,angemessen,EN-GE
bank,bank,EN-GE
combination,kombination,EN-GE
complex,komplex,EN-GE
content,inhalt,EN-GE
craft,kunst,EN-GE
due,während,EN-GE
easily,leicht,EN-GE
effective,wirksam,EN-GE
eventually,schließlich,EN-GE
exactly,genau,EN-GE
failure,fehler,EN-GE
half,hälfte,EN-GE
inside,innen,EN-GE
meaning,bedeutung,EN-GE
medicine,medizin,EN-GE
middle,mitte,EN-GE
outside,draußen,EN-GE
philosophy,philosophie,EN-GE
regular,regulär,EN-GE
reserve,reservieren,EN-GE
standard,standard,EN-GE
bus,bus,EN-GE
decide,entscheiden,EN-GE
exchange,austausch-,EN-GE
eye,auge,EN-GE
fast,schnell,EN-GE
fire,feuer,EN-GE
identify,identifizieren,EN-GE
independent,unabhängig,EN-GE
leave,verlassen,EN-GE
original,original,EN-GE
position,position,EN-GE
pressure,druck,EN-GE
reach,erreichen,EN-GE
rest,sich ausruhen,EN-GE
serve,dienen,EN-GE
stress,stress,EN-GE
teacher,lehrer,EN-GE
watch,uhr,EN-GE
wide,breit,EN-GE
advantage,vorteil,EN-GE
beautiful,schön,EN-GE
benefit,vorteil,EN-GE
box,box,EN-GE
charge,berechnen,EN-GE
communication,kommunikation,EN-GE
complete,komplett,EN-GE
continue,fortsetzen,EN-GE
frame,rahmen,EN-GE
issue,problem,EN-GE
limited,begrenzt,EN-GE
night,nacht-,EN-GE
protect,schützen,EN-GE
require,erfordern,EN-GE
significant,signifikant,EN-GE
step,schritt,EN-GE
successful,erfolgreich,EN-GE
unless,es sei denn,EN-GE
active,aktiv,EN-GE
break,unterbrechung,EN-GE
chemistry,chemie,EN-GE
cycle,zyklus,EN-GE
disease,krankheit,EN-GE
disk,scheibe,EN-GE
electrical,elektrisch,EN-GE
energy,energie,EN-GE
expensive,teuer,EN-GE
face,gesicht,EN-GE
interested,interessiert,EN-GE
item,artikel,EN-GE
metal,metall,EN-GE
nation,nation,EN-GE
negative,negativ,EN-GE
occur,auftreten,EN-GE
paint,farbe,EN-GE
pregnant,schwanger,EN-GE
review,überprüfung,EN-GE
road,straße,EN-GE
role,rolle,EN-GE
room,zimmer,EN-GE
safe,safe,EN-GE
screen,bildschirm,EN-GE
soup,suppe,EN-GE
stay,bleibe,EN-GE
structure,struktur,EN-GE
view,aussicht,EN-GE
visit,besuch,EN-GE
visual,visuell,EN-GE
write,schreiben,EN-GE
wrong,falsch,EN-GE
account,konto,EN-GE
advertising,werbung,EN-GE
affect,beeinflussen,EN-GE
ago,vor,EN-GE
anyone,jemand,EN-GE
approach,ansatz,EN-GE
avoid,vermeiden,EN-GE
ball,ball,EN-GE
behind,hinter,EN-GE
certainly,sicherlich,EN-GE
concerned,besorgt,EN-GE
cover,abdeckung,EN-GE
discipline,disziplin,EN-GE
location,lage,EN-GE
medium,mittel,EN-GE
normally,normalerweise,EN-GE
prepare,bereiten,EN-GE
quick,schnell,EN-GE
ready,bereit,EN-GE
report,bericht,EN-GE
rise,erhebt euch,EN-GE
share,aktie,EN-GE
success,erfolg,EN-GE
addition,zusatz,EN-GE
apartment,wohnung,EN-GE
balance,balance,EN-GE
bit,bit,EN-GE
black,schwarz,EN-GE
bottom,boden,EN-GE
build,bauen,EN-GE
choice,wahl,EN-GE
education,ausbildung,EN-GE
gift,geschenk,EN-GE
impact,einfluss,EN-GE
machine,maschine,EN-GE
math,mathe,EN-GE
moment,moment,EN-GE
painting,malerei,EN-GE
politics,politik,EN-GE
shape,gestalten,EN-GE
straight,gerade,EN-GE
tool,werkzeug,EN-GE
walk,gehen,EN-GE
white,weiß,EN-GE
wind,wind,EN-GE
achieve,erreichen,EN-GE
address,adresse,EN-GE
attention,aufmerksamkeit,EN-GE
average,durchschnittlich,EN-GE
believe,glauben,EN-GE
beyond,darüber hinaus,EN-GE
career,karriere,EN-GE
culture,kultur,EN-GE
decision,entscheidung,EN-GE
direct,direkt,EN-GE
event,event,EN-GE
excellent,ausgezeichnet,EN-GE
extra,extra,EN-GE
intelligent,intelligent,EN-GE
interesting,interessant,EN-GE
junior,junior,EN-GE
morning,morgen,EN-GE
pick,auswählen,EN-GE
poor,arm,EN-GE
pot,pot,EN-GE
pretty,ziemlich,EN-GE
property,eigentum,EN-GE
receive,erhalten,EN-GE
seem,scheinen,EN-GE
shopping,einkaufen,EN-GE
sign,schild,EN-GE
student,schüler,EN-GE
table,tabelle,EN-GE
task,aufgabe,EN-GE
unique,einzigartig,EN-GE
wood,holz,EN-GE
anything,etwas,EN-GE
classic,klassisch,EN-GE
competition,wettbewerb,EN-GE
condition,bedingung,EN-GE
contact,kontakt,EN-GE
credit,kredit,EN-GE
currently,zur zeit,EN-GE
discuss,diskutieren,EN-GE
distribution,verteilung,EN-GE
egg,ei,EN-GE
entertainment,unterhaltung,EN-GE
final,finale,EN-GE
happy,glücklich,EN-GE
hope,hoffnung,EN-GE
ice,eis,EN-GE
lift,aufzug,EN-GE
mix,mischen,EN-GE
network,netzwerk,EN-GE
north,norden,EN-GE
office,büro,EN-GE
overall,insgesamt,EN-GE
population,bevölkerung,EN-GE
president,präsident,EN-GE
private,privatgelände,EN-GE
realize,realisieren,EN-GE
responsible,verantwortlich,EN-GE
separate,getrennte,EN-GE
square,platz,EN-GE
stop,halt,EN-GE
teach,lehren,EN-GE
unit,einheit,EN-GE
western,western,EN-GE
yes,ja,EN-GE
alone,allein,EN-GE
attempt,versuchen,EN-GE
category,kategorie,EN-GE
cigarette,zigarette,EN-GE
concern,betreffen,EN-GE
contain,enthalten,EN-GE
context,kontext,EN-GE
cute,niedlich,EN-GE
date,datum,EN-GE
effect,bewirken,EN-GE
extremely,äußerst,EN-GE
familiar,familiär,EN-GE
finally,endlich,EN-GE
fly,fliege,EN-GE
follow,folgen,EN-GE
helpful,hilfreich,EN-GE
introduction,einführung,EN-GE
link,link,EN-GE
official,offiziell,EN-GE
opportunity,gelegenheit,EN-GE
perfect,perfekt,EN-GE
performance,performance,EN-GE
post,post,EN-GE
recent,kürzlich,EN-GE
refer,beziehen,EN-GE
solve,lösen,EN-GE
star,star,EN-GE
voice,stimme,EN-GE
willing,bereit,EN-GE
born,geboren,EN-GE
bright,hell,EN-GE
broad,breit,EN-GE
capital,hauptstadt,EN-GE
challenge,herausforderung,EN-GE
comfortable,gemütlich,EN-GE
constantly,ständig,EN-GE
describe,beschreiben,EN-GE
despite,trotz,EN-GE
driver,treiber,EN-GE
flat,wohnung,EN-GE
flight,flug,EN-GE
friend,freund,EN-GE
gain,gewinnen,EN-GE
him,ihm,EN-GE
length,länge,EN-GE
magazine,zeitschrift,EN-GE
maybe,könnte sein,EN-GE
newspaper,zeitung,EN-GE
nice,nett,EN-GE
prefer,bevorzugen,EN-GE
prevent,verhindern,EN-GE
properly,richtig,EN-GE
relationship,beziehung,EN-GE
rich,reich,EN-GE
save,sparen,EN-GE
self,selbst,EN-GE
shot,schuss,EN-GE
soon,bald,EN-GE
specifically,speziell,EN-GE
stand,stand,EN-GE
teaching,lehren,EN-GE
warm,warm,EN-GE
wonderful,wunderbar,EN-GE
young,junger,EN-GE
ahead,voraus,EN-GE
brush,bürste,EN-GE
cell,zelle,EN-GE
couple,paar,EN-GE
daily,täglich,EN-GE
dealer,händler,EN-GE
debate,debatte,EN-GE
discover,entdecken,EN-GE
ensure,dafür sorgen,EN-GE
exit,ausfahrt,EN-GE
expect,erwarten von,EN-GE
experienced,erfahren,EN-GE
fail,fehlschlagen,EN-GE
finding,finden,EN-GE
front,vorderseite,EN-GE
function,funktion,EN-GE
heavy,schwer,EN-GE
hello,hallo,EN-GE
highly,höchst,EN-GE
immediately,sofort,EN-GE
impossible,unmöglich,EN-GE
invest,investieren,EN-GE
lack,mangel,EN-GE
lake,see,EN-GE
lead,führen,EN-GE
listen,hören,EN-GE
living,leben,EN-GE
member,mitglied,EN-GE
message,nachricht,EN-GE
phone,telefon,EN-GE
plant,pflanze,EN-GE
plastic,kunststoff,EN-GE
reduce,reduzieren,EN-GE
relatively,verhältnismäßig,EN-GE
scene,szene,EN-GE
serious,ernst,EN-GE
slowly,langsam,EN-GE
speak,sprechen,EN-GE
spot,stelle,EN-GE
summer,sommer-,EN-GE
taste,geschmack,EN-GE
theme,thema,EN-GE
towards,richtung,EN-GE
track,verfolgen,EN-GE
valuable,wertvoll,EN-GE
whatever,was auch immer,EN-GE
wing,flügel,EN-GE
worry,sorge,EN-GE
appear,erscheinen,EN-GE
appearance,aussehen,EN-GE
association,verband,EN-GE
brain,gehirn,EN-GE
button,taste,EN-GE
click,klicken,EN-GE
concept,konzept,EN-GE
correct,korrekt,EN-GE
customer,kunde,EN-GE
death,tod,EN-GE
desire,verlangen,EN-GE
discussion,diskussion,EN-GE
explain,erklären,EN-GE
explore,erforschen,EN-GE
express,ausdrücken,EN-GE
fairly,ziemlich,EN-GE
fixed,festgelegt,EN-GE
foot,fuß,EN-GE
gas,gas,EN-GE
handle,griff,EN-GE
housing,gehäuse,EN-GE
huge,enorm,EN-GE
inflation,inflation,EN-GE
influence,einfluss,EN-GE
insurance,versicherung,EN-GE
involve,beteiligen,EN-GE
leading,führen,EN-GE
lose,verlieren,EN-GE
meet,treffen,EN-GE
mood,stimmung,EN-GE
notice,beachten,EN-GE
primarily,in erster linie,EN-GE
rain,regen,EN-GE
rare,selten,EN-GE
release,freisetzung,EN-GE
sell,verkaufen,EN-GE
slow,langsam,EN-GE
technical,technisch,EN-GE
typical,typisch,EN-GE
upon,auf,EN-GE
wall,mauer,EN-GE
woman,frau,EN-GE
advice,rat,EN-GE
afford,sich leisten,EN-GE
agree,zustimmen,EN-GE
base,base,EN-GE
blood,blut,EN-GE
clean,reinigen,EN-GE
competitive,wettbewerbsfähig,EN-GE
completely,vollständig,EN-GE
critical,kritisch,EN-GE
damage,beschädigung,EN-GE
distance,entfernung,EN-GE
effort,anstrengung,EN-GE
electronic,elektronisch,EN-GE
expression,ausdruck,EN-GE
feeling,gefühl,EN-GE
finish,fertig,EN-GE
fresh,frisch,EN-GE
hear,hören,EN-GE
immediate,sofortig,EN-GE
importance,bedeutung,EN-GE
normal,normal,EN-GE
opinion,meinung,EN-GE
otherwise,andernfalls,EN-GE
pair,paar,EN-GE
payment,zahlung,EN-GE
plus,plus,EN-GE
press,drücken sie,EN-GE
reality,wirklichkeit,EN-GE
remain,bleiben übrig,EN-GE
represent,darstellen,EN-GE
responsibility,verantwortung,EN-GE
ride,reiten,EN-GE
savings,ersparnisse,EN-GE
secret,geheimnis,EN-GE
situation,lage,EN-GE
skill,fähigkeit,EN-GE
spread,ausbreitung,EN-GE
spring,feder,EN-GE
staff,personal,EN-GE
statement,erklärung,EN-GE
sugar,zucker,EN-GE
target,ziel,EN-GE
text,text,EN-GE
tough,zäh,EN-GE
ultimately,ultimativ,EN-GE
wait,warte ab,EN-GE
wealth,reichtum,EN-GE
whenever,wann immer,EN-GE
whose,deren,EN-GE
widely,weit,EN-GE
animal,tier,EN-GE
application,anwendung,EN-GE
apply,gelten,EN-GE
author,autor,EN-GE
aware,bewusst,EN-GE
brown,braun,EN-GE
budget,budget,EN-GE
cheap,billig,EN-GE
city,stadt,EN-GE
complicated,kompliziert,EN-GE
county,county,EN-GE
deep,tief,EN-GE
depth,tiefe,EN-GE
discount,rabatt,EN-GE
display,anzeigen,EN-GE
educational,bildungseinrichtungen,EN-GE
environmental,umweltschutz,EN-GE
estate,grundstück,EN-GE
file,datei,EN-GE
flow,fließen,EN-GE
forget,vergessen,EN-GE
foundation,stiftung,EN-GE
global,global,EN-GE
grandmother,oma,EN-GE
ground,boden,EN-GE
heart,herz,EN-GE
hit,hit,EN-GE
legal,rechtlichen,EN-GE
lesson,lektion,EN-GE
minute,minute,EN-GE
near,in der nähe von,EN-GE
objective,objektiv,EN-GE
officer,offizier,EN-GE
perspective,perspektive,EN-GE
phase,phase,EN-GE
photo,foto,EN-GE
recently,vor kurzem,EN-GE
recipe,rezept,EN-GE
recommend,empfehlen,EN-GE
reference,referenz,EN-GE
register,neu registrieren,EN-GE
relevant,relevant,EN-GE
rely,sich verlassen,EN-GE
secure,sichern,EN-GE
seriously,ernst,EN-GE
shoot,schießen,EN-GE
sky,himmel,EN-GE
stage,stufe,EN-GE
stick,stock,EN-GE
studio,studio,EN-GE
thin,dünn,EN-GE
title,titel,EN-GE
topic,thema,EN-GE
touch,berühren,EN-GE
trouble,ärger,EN-GE
vary,variieren,EN-GE
accurate,genau,EN-GE
advanced,fortgeschritten,EN-GE
bowl,schüssel,EN-GE
bridge,brücke,EN-GE
campaign,kampagne,EN-GE
cancel,stornieren,EN-GE
capable,fähig,EN-GE
character,charakter,EN-GE
chemical,chemisch,EN-GE
club,verein,EN-GE
collection,sammlung,EN-GE
cool,cool,EN-GE
cry,schrei,EN-GE
dangerous,gefährlich,EN-GE
depression,depression,EN-GE
dump,dump,EN-GE
edge,rand,EN-GE
evidence,beweismittel,EN-GE
extreme,extrem,EN-GE
fan,ventilator,EN-GE
frequently,häufig,EN-GE
fully,völlig,EN-GE
generate,generieren,EN-GE
imagination,phantasie,EN-GE
letter,brief,EN-GE
lock,sperren,EN-GE
maximum,maximal,EN-GE
mostly,meist,EN-GE
myself,mich selber,EN-GE
naturally,natürlich,EN-GE
nearly,fast,EN-GE
novel,roman,EN-GE
obtain,erhalten,EN-GE
occasionally,gelegentlich,EN-GE
option,option,EN-GE
organized,organisiert,EN-GE
pack,pack,EN-GE
park,park,EN-GE
passion,leidenschaft,EN-GE
percentage,prozentsatz,EN-GE
plenty,viel,EN-GE
push,drücken,EN-GE
quarter,quartal,EN-GE
resource,ressource,EN-GE
select,wählen,EN-GE
setting,rahmen,EN-GE
skin,haut,EN-GE
sort,sortieren,EN-GE
weight,gewicht,EN-GE
accept,akzeptieren,EN-GE
ad,anzeige,EN-GE
agency,agentur,EN-GE
baby,baby,EN-GE
background,hintergrund,EN-GE
carefully,vorsichtig,EN-GE
carry,tragen,EN-GE
clearly,deutlich,EN-GE
college,hochschule,EN-GE
communicate,kommunizieren,EN-GE
complain,beschweren,EN-GE
conflict,konflikt,EN-GE
connection,verbindung,EN-GE
criticism,kritik,EN-GE
debt,schulden,EN-GE
depend,abhängen,EN-GE
description,beschreibung,EN-GE
die,sterben,EN-GE
dish,gericht,EN-GE
dramatic,dramatisch,EN-GE
eat,essen,EN-GE
efficient,effizient,EN-GE
enter,eingeben,EN-GE
essentially,im wesentlichen,EN-GE
exact,genau,EN-GE
factor,faktor,EN-GE
fair,messe,EN-GE
fill,füllen,EN-GE
fine,fein,EN-GE
formal,formale,EN-GE
forward,vorwärts-,EN-GE
fruit,frucht,EN-GE
glass,glas,EN-GE
happen,geschehen,EN-GE
indicate,zeigen,EN-GE
joint,joint,EN-GE
jump,springen,EN-GE
kick,kick,EN-GE
master,meister,EN-GE
memory,erinnerung,EN-GE
muscle,muskel,EN-GE
opposite,gegenteil,EN-GE
pass,bestehen,EN-GE
patience,geduld,EN-GE
pitch,tonhöhe,EN-GE
possibly,möglicherweise,EN-GE
powerful,kraftvoll,EN-GE
red,rot,EN-GE
remote,fernbedienung,EN-GE
secretary,sekretariat,EN-GE
slightly,leicht,EN-GE
solution,lösung,EN-GE
somewhat,etwas,EN-GE
strength,stärke,EN-GE
suggest,vorschlagen,EN-GE
survive,überleben,EN-GE
total,gesamt,EN-GE
traffic,verkehr,EN-GE
treat,behandeln,EN-GE
trip,ausflug,EN-GE
vast,groß,EN-GE
vegetable,gemüse,EN-GE
abuse,missbrauch,EN-GE
administration,verwaltung,EN-GE
appeal,beschwerde,EN-GE
appreciate,schätzen,EN-GE
aspect,aspekt,EN-GE
attitude,haltung,EN-GE
beat,schlagen,EN-GE
burn,brennen,EN-GE
chart,diagramm,EN-GE
compare,vergleichen,EN-GE
deposit,anzahlung,EN-GE
director,direktor,EN-GE
equally,gleichermaßen,EN-GE
foreign,ausländische,EN-GE
gear,gang,EN-GE
greatly,sehr,EN-GE
hungry,hungrig,EN-GE
ideal,ideal,EN-GE
imagine,mir vorstellen,EN-GE
kitchen,küche,EN-GE
land,land,EN-GE
log,log,EN-GE
lost,hat verloren,EN-GE
manage,verwalten,EN-GE
mother,mutter,EN-GE
necessarily,notwendig,EN-GE
net,netz,EN-GE
party,party,EN-GE
personality,persönlichkeit,EN-GE
personally,persönlich,EN-GE
practical,praktisch,EN-GE
principle,prinzip,EN-GE
print,drucken,EN-GE
psychological,psychologische,EN-GE
psychology,psychologie,EN-GE
raise,erziehen,EN-GE
rarely,selten,EN-GE
recommendation,empfehlung,EN-GE
regularly,regelmäßig,EN-GE
relative,relativ,EN-GE
response,antwort,EN-GE
sale,verkauf,EN-GE
season,jahreszeit,EN-GE
selection,auswahl,EN-GE
severe,schwer,EN-GE
signal,signal,EN-GE
similarly,ähnlich,EN-GE
sleep,schlaf,EN-GE
smooth,glatt,EN-GE
somewhere,irgendwo,EN-GE
spirit,geist,EN-GE
storage,lagerung,EN-GE
street,straße,EN-GE
suitable,geeignet,EN-GE
tree,baum,EN-GE
version,version,EN-GE
wave,welle,EN-GE
advance,voraus,EN-GE
alcohol,alkohol,EN-GE
anywhere,irgendwo,EN-GE
argument,streit,EN-GE
basically,im grunde,EN-GE
belt,gürtel,EN-GE
bench,bank,EN-GE
closed,abgeschlossen,EN-GE
closely,eng,EN-GE
commission,kommission,EN-GE
complaint,beschwerde,EN-GE
connect,verbinden,EN-GE
consist,bestehen,EN-GE
contract,vertrag,EN-GE
contribute,beitragen,EN-GE
copy,kopieren,EN-GE
dark,dunkel,EN-GE
differ,abweichen,EN-GE
double,doppelt,EN-GE
draw,zeichnen,EN-GE
drop,fallen,EN-GE
effectively,effektiv,EN-GE
emphasis,betonung,EN-GE
encourage,ermutigen,EN-GE
equal,gleich,EN-GE
everybody,jeder,EN-GE
expand,erweitern,EN-GE
firm,firma,EN-GE
fix,fix,EN-GE
frequent,häufig,EN-GE
highway,autobahn,EN-GE
hire,mieten,EN-GE
initially,anfänglich,EN-GE
internal,intern,EN-GE
join,beitreten,EN-GE
kill,töten,EN-GE
literally,buchstäblich,EN-GE
loss,verlust,EN-GE
mainly,hauptsächlich,EN-GE
membership,mitgliedschaft,EN-GE
merely,nur,EN-GE
minimum,minimum,EN-GE
numerous,zahlreich,EN-GE
path,pfad,EN-GE
possession,besitz,EN-GE
preparation,vorbereitung,EN-GE
progress,fortschritt,EN-GE
project,projekt,EN-GE
prove,beweisen,EN-GE
react,reagieren,EN-GE
recognize,erkenne,EN-GE
relax,entspannen sie sich,EN-GE
replace,ersetzen,EN-GE
sea,meer,EN-GE
sensitive,empfindlich,EN-GE
sit,sitzen,EN-GE
south,süd,EN-GE
status,status,EN-GE
steak,steak,EN-GE
stuff,sachen,EN-GE
sufficient,ausreichend,EN-GE
tap,tippen,EN-GE
ticket,fahrkarte,EN-GE
tour,tour,EN-GE
union,union,EN-GE
unusual,ungewöhnlich,EN-GE
win,gewinnen,EN-GE
agreement,zustimmung,EN-GE
angle,winkel,EN-GE
attack,attacke,EN-GE
blue,blau,EN-GE
borrow,leihen,EN-GE
breakfast,frühstück,EN-GE
cancer,krebs,EN-GE
claim,anspruch,EN-GE
confidence,vertrauen,EN-GE
consistent,konsistent,EN-GE
constant,konstante,EN-GE
cultural,kulturelle,EN-GE
currency,währung,EN-GE
daughter,tochter,EN-GE
degree,grad,EN-GE
doctor,arzt,EN-GE
dot,punkt,EN-GE
drag,ziehen,EN-GE
dream,traum,EN-GE
drink,getränk,EN-GE
duty,pflicht,EN-GE
earn,verdienen,EN-GE
emphasize,betonen,EN-GE
employment,beschäftigung,EN-GE
enable,aktivieren,EN-GE
engineering,ingenieurwesen,EN-GE
entry,eintrag,EN-GE
essay,aufsatz,EN-GE
existing,bestehende,EN-GE
famous,berühmt,EN-GE
father,vater,EN-GE
fee,gebühr,EN-GE
finance,finanzen,EN-GE
gently,sanft,EN-GE
guess,vermuten,EN-GE
hopefully,hoffentlich,EN-GE
hour,stunde,EN-GE
interaction,interaktion,EN-GE
juice,saft,EN-GE
limit,grenze,EN-GE
luck,glück,EN-GE
milk,milch,EN-GE
minor,geringer,EN-GE
mixed,gemischt,EN-GE
mixture,mischung,EN-GE
mouth,mund,EN-GE
nor,noch,EN-GE
operate,arbeiten,EN-GE
originally,ursprünglich,EN-GE
peace,frieden,EN-GE
pipe,rohr,EN-GE
please,bitte,EN-GE
preference,bevorzugen,EN-GE
previous,zurück,EN-GE
pull,ziehen,EN-GE
pure,rein,EN-GE
raw,roh,EN-GE
reflect,reflektieren,EN-GE
region,region,EN-GE
republic,republik,EN-GE
roughly,grob,EN-GE
seat,sitz,EN-GE
send,senden,EN-GE
significantly,bedeutend,EN-GE
soft,weich,EN-GE
solid,solide,EN-GE
stable,stabil,EN-GE
storm,sturm,EN-GE
substance,substanz,EN-GE
team,mannschaft,EN-GE
tradition,tradition,EN-GE
trick,trick,EN-GE
virus,virus,EN-GE
wear,tragen,EN-GE
weird,seltsam,EN-GE
wonder,wunder,EN-GE
actor,darsteller,EN-GE
afraid,ängstlich,EN-GE
afternoon,nachmittag,EN-GE
amazing,tolle,EN-GE
annual,jährlich,EN-GE
anticipate,erwarten,EN-GE
assume,annehmen,EN-GE
bat,schläger,EN-GE
beach,strand,EN-GE
blank,leer,EN-GE
busy,beschäftigt,EN-GE
catch,fang,EN-GE
chain,kette,EN-GE
classroom,klassenzimmer,EN-GE
consideration,berücksichtigung,EN-GE
count,graf,EN-GE
cream,sahne,EN-GE
crew,crew,EN-GE
dead,tot,EN-GE
delivery,lieferanten,EN-GE
detail,detail,EN-GE
detailed,detailliert,EN-GE
device,gerät,EN-GE
difficulty,schwierigkeit,EN-GE
doubt,zweifel,EN-GE
drama,drama,EN-GE
election,wahl,EN-GE
engage,engagieren,EN-GE
engine,motor,EN-GE
enhance,verbessern,EN-GE
examine,untersuchen,EN-GE
false,falsch,EN-GE
feed,füttern,EN-GE
football,fußball,EN-GE
forever,für immer,EN-GE
gold,gold,EN-GE
guidance,beratung,EN-GE
hotel,hotel,EN-GE
impress,beeindrucken,EN-GE
install,installieren,EN-GE
interview,interview,EN-GE
kid,kind,EN-GE
mark,kennzeichen,EN-GE
match,spiel,EN-GE
mission,mission,EN-GE
nobody,niemand,EN-GE
obvious,offensichtlich,EN-GE
ourselves,uns selbst,EN-GE
owner,eigentümer,EN-GE
pain,schmerz,EN-GE
participate,teilnehmen,EN-GE
pleasure,vergnügen,EN-GE
priority,priorität,EN-GE
protection,schutz,EN-GE
repeat,wiederholen,EN-GE
round,runden,EN-GE
score,ergebnis,EN-GE
screw,schraube,EN-GE
seek,suchen,EN-GE
sex,sex,EN-GE
sharp,scharf,EN-GE
shop,geschäft,EN-GE
shower,dusche,EN-GE
sing,singen,EN-GE
slide,gleiten,EN-GE
strip,streifen,EN-GE
suggestion,vorschlag,EN-GE
suit,anzug,EN-GE
tension,spannung,EN-GE
thick,dick,EN-GE
tone,ton,EN-GE
totally,total,EN-GE
twice,zweimal,EN-GE
variation,variation,EN-GE
whereas,wohingegen,EN-GE
window,fenster,EN-GE
wise,weise,EN-GE
wish,wunsch,EN-GE
agent,agent,EN-GE
anxiety,angst,EN-GE
atmosphere,atmosphäre,EN-GE
awareness,das bewusstsein,EN-GE
band,band,EN-GE
bath,bad,EN-GE
block,block,EN-GE
bone,knochen,EN-GE
bread,brot,EN-GE
calendar,kalender,EN-GE
candidate,kandidat,EN-GE
cap,kappe,EN-GE
careful,vorsichtig,EN-GE
climate,klima,EN-GE
coat,mantel,EN-GE
collect,sammeln,EN-GE
combine,kombinieren,EN-GE
command,befehl,EN-GE
comparison,vergleich,EN-GE
confusion,verwechslung,EN-GE
construction,bau,EN-GE
contest,wettbewerb,EN-GE
corner,ecke,EN-GE
court,gericht,EN-GE
cup,tasse,EN-GE
dig,graben,EN-GE
district,kreis,EN-GE
divide,teilen,EN-GE
door,tür,EN-GE
east,osten,EN-GE
elevator,aufzug,EN-GE
elsewhere,anderswo,EN-GE
emotion,emotion,EN-GE
employee,mitarbeiter,EN-GE
employer,arbeitgeber,EN-GE
equivalent,gleichwertig,EN-GE
everywhere,überall,EN-GE
except,außer,EN-GE
finger,finger,EN-GE
garage,garage,EN-GE
guarantee,garantie,EN-GE
guest,gast,EN-GE
hang,aufhängen,EN-GE
height,höhe,EN-GE
himself,selbst,EN-GE
hole,loch,EN-GE
hook,haken,EN-GE
hunt,jagd,EN-GE
implement,implementieren,EN-GE
initial,initiale,EN-GE
intend,wollen,EN-GE
introduce,vorstellen,EN-GE
latter,letztere,EN-GE
layer,schicht,EN-GE
leadership,führung,EN-GE
lecture,vorlesung,EN-GE
lie,lüge,EN-GE
mall,einkaufszentrum,EN-GE
manager,manager,EN-GE
manner,weise,EN-GE
march,märz,EN-GE
married,verheiratet,EN-GE
meeting,sitzung,EN-GE
mention,erwähnen,EN-GE
narrow,eng,EN-GE
nearby,in der nähe,EN-GE
neither,weder,EN-GE
nose,nase,EN-GE
obviously,offensichtlich,EN-GE
operation,betrieb,EN-GE
parking,parken,EN-GE
partner,partner,EN-GE
perfectly,perfekt,EN-GE
physically,physisch,EN-GE
profile,profil,EN-GE
proud,stolz,EN-GE
recording,aufnahme,EN-GE
relate,beziehen,EN-GE
respect,die achtung,EN-GE
rice,reis,EN-GE
routine,routine,EN-GE
sample,sample,EN-GE
schedule,zeitplan,EN-GE
settle,absetzen,EN-GE
smell,geruch,EN-GE
somehow,irgendwie,EN-GE
spiritual,geistig,EN-GE
survey,umfrage,EN-GE
swimming,baden,EN-GE
telephone,telefon,EN-GE
tie,krawatte,EN-GE
tip,spitze,EN-GE
transportation,transport,EN-GE
unhappy,unzufrieden,EN-GE
wild,wild,EN-GE
winter,winter,EN-GE
absolutely,absolut,EN-GE
acceptable,akzeptabel,EN-GE
adult,erwachsene,EN-GE
aggressive,aggressiv,EN-GE
airline,fluggesellschaft,EN-GE
apart,ein teil,EN-GE
assure,versichern,EN-GE
attract,anlocken,EN-GE
bag,tasche,EN-GE
battle,schlacht,EN-GE
bed,bett,EN-GE
bill,rechnung,EN-GE
boring,langweilig,EN-GE
bother,mühe,EN-GE
brief,kurz,EN-GE
cake,kuchen,EN-GE
charity,nächstenliebe,EN-GE
code,code,EN-GE
cousin,cousin,EN-GE
crazy,verrückt,EN-GE
curve,kurve,EN-GE
designer,designer,EN-GE
dimension,dimension,EN-GE
disaster,katastrophe,EN-GE
distinct,unterscheiden,EN-GE
distribute,verteilen,EN-GE
dress,kleid,EN-GE
ease,leichtigkeit,EN-GE
eastern,östlich,EN-GE
editor,herausgeber,EN-GE
efficiency,effizienz,EN-GE
emergency,notfall,EN-GE
escape,flucht,EN-GE
evening,abend,EN-GE
excitement,aufregung,EN-GE
expose,expose,EN-GE
extension,erweiterung,EN-GE
extent,umfang,EN-GE
farm,bauernhof,EN-GE
feedback,feedback,EN-GE
fight,kampf,EN-GE
gap,spalt,EN-GE
gather,versammeln,EN-GE
grade,klasse,EN-GE
guitar,gitarre,EN-GE
hate,hass,EN-GE
holiday,urlaub,EN-GE
homework,hausaufgaben,EN-GE
horror,horror,EN-GE
horse,pferd,EN-GE
host,gastgeber,EN-GE
husband,mann,EN-GE
leader,führer,EN-GE
loan,darlehen,EN-GE
logical,logisch,EN-GE
mistake,fehler,EN-GE
mom,mama,EN-GE
mountain,berg,EN-GE
nail,nagel,EN-GE
noise,lärm,EN-GE
none,keiner,EN-GE
occasion,gelegenheit,EN-GE
outcome,ergebnis,EN-GE
overcome,überwinden,EN-GE
owe,verdanken,EN-GE
package,paket,EN-GE
patient,geduldig,EN-GE
pause,pause,EN-GE
permission,erlaubnis,EN-GE
phrase,phrase,EN-GE
presentation,präsentation,EN-GE
prior,vor,EN-GE
promotion,beförderung,EN-GE
proof,beweis,EN-GE
race,rennen,EN-GE
reasonable,angemessen,EN-GE
reflection,betrachtung,EN-GE
refrigerator,kühlschrank,EN-GE
relief,relief,EN-GE
repair,reparieren,EN-GE
resolution,lösung,EN-GE
revenue,einnahmen,EN-GE
rough,rauh,EN-GE
sad,traurig,EN-GE
sand,sand,EN-GE
scratch,kratzen,EN-GE
sentence,satz,EN-GE
session,session,EN-GE
shoulder,schulter,EN-GE
sick,krank,EN-GE
singer,sänger,EN-GE
smoke,rauch,EN-GE
stomach,bauch,EN-GE
strange,komisch,EN-GE
strict,streng,EN-GE
strike,streik,EN-GE
string,zeichenfolge,EN-GE
succeed,gelingen,EN-GE
successfully,erfolgreich,EN-GE
suddenly,plötzlich,EN-GE
suffer,leiden,EN-GE
surprised,überrascht,EN-GE
tennis,tennis,EN-GE
throw,werfen,EN-GE
tourist,tourist,EN-GE
towel,handtuch,EN-GE
truly,wirklich,EN-GE
vacation,ferien,EN-GE
virtually,virtuell,EN-GE
west,west-,EN-GE
wheel,rad,EN-GE
wine,wein,EN-GE
acquire,erwerben,EN-GE
adapt,sich anpassen,EN-GE
adjust,einstellen,EN-GE
administrative,verwaltung,EN-GE
altogether,insgesamt,EN-GE
anyway,sowieso,EN-GE
argue,argumentieren,EN-GE
arise,entstehen,EN-GE
arm,arm,EN-GE
aside,beiseite,EN-GE
associate,assoziieren,EN-GE
automatic,automatisch,EN-GE
automatically,automatisch,EN-GE
basket,korb,EN-GE
bet,wette,EN-GE
blow,schlag,EN-GE
bonus,bonus,EN-GE
border,rand,EN-GE
branch,ast,EN-GE
breast,brust,EN-GE
brother,bruder,EN-GE
buddy,kumpel,EN-GE
bunch,bündel,EN-GE
cabinet,kabinett,EN-GE
childhood,kindheit,EN-GE
chip,chip,EN-GE
church,kirche,EN-GE
civil,bürgerlich,EN-GE
clothes,kleider,EN-GE
coach,trainer,EN-GE
coffee,kaffee,EN-GE
confirm,bestätigen,EN-GE
cross,kreuz,EN-GE
deeply,tief,EN-GE
definitely,bestimmt,EN-GE
deliberately,bewusst,EN-GE
dinner,abendessen,EN-GE
document,dokument,EN-GE
draft,entwurf,EN-GE
drawing,zeichnung,EN-GE
dust,staub,EN-GE
employ,beschäftigen,EN-GE
encouraging,ermutigend,EN-GE
expert,experte,EN-GE
external,extern,EN-GE
floor,boden,EN-GE
former,ehemalige,EN-GE
god,gott,EN-GE
golf,golf,EN-GE
habit,gewohnheit,EN-GE
hair,haar,EN-GE
hardly,kaum,EN-GE
hearing,anhörung,EN-GE
hurt,verletzen,EN-GE
illegal,illegal,EN-GE
incorporate,integrieren,EN-GE
initiative,initiative,EN-GE
iron,eisen,EN-GE
judge,richter,EN-GE
judgment,beurteilung,EN-GE
justify,rechtfertigen,EN-GE
knife,messer,EN-GE
lab,labor,EN-GE
landscape,landschaft,EN-GE
laugh,lachen,EN-GE
lay,legen,EN-GE
league,liga,EN-GE
loud,laut,EN-GE
mail,mail,EN-GE
massive,massiv,EN-GE
measurement,messung,EN-GE
mess,chaos,EN-GE
mobile,mobile,EN-GE
mode,modus,EN-GE
mud,schlamm,EN-GE
nasty,böse,EN-GE
native,native,EN-GE
opening,öffnung,EN-GE
orange,orange,EN-GE
ordinary,gewöhnlich,EN-GE
organize,organisieren,EN-GE
ought,sollen,EN-GE
parent,elternteil,EN-GE
pattern,muster,EN-GE
pin,stift,EN-GE
poetry,poesie,EN-GE
police,polizei,EN-GE
pool,schwimmbad,EN-GE
possess,besitzen,EN-GE
possibility,möglichkeit,EN-GE
pound,pfund,EN-GE
procedure,verfahren,EN-GE
queen,königin,EN-GE
ratio,verhältnis,EN-GE
readily,leicht,EN-GE
relation,beziehung,EN-GE
relieve,entlasten,EN-GE
request,anfordern,EN-GE
respond,reagieren,EN-GE
restaurant,restaurant,EN-GE
retain,behalten,EN-GE
royal,königlich,EN-GE
salary,gehalt,EN-GE
satisfaction,befriedigung,EN-GE
sector,sektor,EN-GE
senior,senior,EN-GE
shame,schande,EN-GE
shelter,schutz,EN-GE
shoe,schuh,EN-GE
shut,geschlossen,EN-GE
signature,unterschrift,EN-GE
significance,bedeutung,EN-GE
silver,silber-,EN-GE
somebody,jemand,EN-GE
song,lied,EN-GE
southern,süd-,EN-GE
split,teilt,EN-GE
strain,belastung,EN-GE
struggle,kampf,EN-GE
super,super,EN-GE
swim,schwimmen,EN-GE
tackle,angehen,EN-GE
tank,panzer,EN-GE
terribly,fürchterlich,EN-GE
tight,fest,EN-GE
tooth,zahn,EN-GE
town,stadt,EN-GE
train,zug,EN-GE
trust,vertrauen,EN-GE
unfair,unfair,EN-GE
unfortunately,unglücklicherweise,EN-GE
upper,obere,EN-GE
vehicle,fahrzeug,EN-GE
visible,sichtbar,EN-GE
volume,volumen,EN-GE
wash,waschen,EN-GE
waste,abfall,EN-GE
wife,ehefrau,EN-GE
yellow,gelb,EN-GE
yours,deine,EN-GE
accident,unfall,EN-GE
airport,flughafen,EN-GE
alive,am leben,EN-GE
angry,wütend,EN-GE
appointment,geplanter termin,EN-GE
arrival,ankunft,EN-GE
assist,helfen,EN-GE
assumption,annahme,EN-GE
bake,backen,EN-GE
bar,bar,EN-GE
baseball,baseball,EN-GE
bell,glocke,EN-GE
bike,fahrrad,EN-GE
blame,schuld,EN-GE
boy,junge,EN-GE
brick,ziegel,EN-GE
calculate,berechnen,EN-GE
chair,sessel,EN-GE
chapter,kapitel,EN-GE
closet,schrank,EN-GE
clue,hinweis,EN-GE
collar,halsband,EN-GE
comment,kommentar,EN-GE
committee,ausschuss,EN-GE
compete,konkurrieren,EN-GE
concerning,über,EN-GE
conference,konferenz,EN-GE
consult,konsultieren,EN-GE
conversation,konversation,EN-GE
convert,konvertieren,EN-GE
crash,absturz,EN-GE
database,datenbank,EN-GE
deliver,liefern,EN-GE
dependent,abhängig,EN-GE
desperate,verzweifelt,EN-GE
devil,teufel,EN-GE
diet,diät,EN-GE
enthusiasm,begeisterung,EN-GE
error,fehler,EN-GE
exciting,aufregend,EN-GE
explanation,erläuterung,EN-GE
extend,erweitern,EN-GE
farmer,farmer,EN-GE
fear,angst,EN-GE
fold,falten,EN-GE
forth,weiter,EN-GE
friendly,freundlich,EN-GE
fuel,treibstoff,EN-GE
funny,komisch,EN-GE
gate,tor,EN-GE
girl,mädchen,EN-GE
glove,handschuh,EN-GE
grab,greifen,EN-GE
gross,brutto,EN-GE
hall,halle,EN-GE
herself,sich,EN-GE
hide,verstecken,EN-GE
historian,historiker,EN-GE
hospital,krankenhaus,EN-GE
ill,krank,EN-GE
injury,verletzung,EN-GE
instruction,anweisung,EN-GE
investigate,untersuchen,EN-GE
jacket,jacke,EN-GE
lucky,glücklich,EN-GE
lunch,mittagessen,EN-GE
maintenance,instandhaltung,EN-GE
manufacturer,hersteller,EN-GE
meal,mahlzeit,EN-GE
miss,fräulein,EN-GE
monitor,monitor,EN-GE
mortgage,hypothek,EN-GE
negotiate,verhandeln,EN-GE
nurse,krankenschwester,EN-GE
pace,tempo,EN-GE
panic,panik,EN-GE
peak,haupt,EN-GE
perception,wahrnehmung,EN-GE
permit,erlauben,EN-GE
pie,kuchen,EN-GE
plane,ebene,EN-GE
poem,gedicht,EN-GE
presence,gegenwart,EN-GE
proposal,vorschlag,EN-GE
provided,sofern,EN-GE
qualify,qualifizieren,EN-GE
quote,zitat,EN-GE
realistic,realistisch,EN-GE
reception,rezeption,EN-GE
recover,erholen,EN-GE
replacement,ersatz,EN-GE
resolve,entschlossenheit,EN-GE
retire,in den ruhestand gehen,EN-GE
revolution,revolution,EN-GE
reward,belohnung,EN-GE
rid,loswerden,EN-GE
river,fluss,EN-GE
roll,rollen,EN-GE
row,reihe,EN-GE
sandwich,sandwich,EN-GE
shock,schock,EN-GE
sink,sinken,EN-GE
slip,unterhose,EN-GE
son,sohn,EN-GE
sorry,es tut uns leid,EN-GE
spare,schonen,EN-GE
speech,rede,EN-GE
spite,trotz,EN-GE
spray,sprühen,EN-GE
surprise,überraschen,EN-GE
suspect,vermuten,EN-GE
sweet,süß,EN-GE
swing,swing,EN-GE
tea,tee,EN-GE
till,bis,EN-GE
transition,übergang,EN-GE
twist,twist,EN-GE
ugly,hässlich,EN-GE
unlikely,unwahrscheinlich,EN-GE
upstairs,nach oben,EN-GE
usual,gewöhnlich,EN-GE
village,dorf,EN-GE
warning,warnung,EN-GE
weekend,wochenende,EN-GE
weigh,wiegen,EN-GE
welcome,herzlich willkommen,EN-GE
winner,gewinner,EN-GE
worker,arbeitnehmer,EN-GE
writer,schriftsteller,EN-GE
yard,garten,EN-GE
abroad,im ausland,EN-GE
alarm,alarm,EN-GE
anxious,ängstlich,EN-GE
arrive,ankommen,EN-GE
assistance,hilfe,EN-GE
attach,anfügen,EN-GE
behave,verhalten,EN-GE
bend,biege,EN-GE
bicycle,fahrrad,EN-GE
bite,beißen,EN-GE
blind,blind,EN-GE
bottle,flasche,EN-GE
brave,mutig,EN-GE
breath,atem,EN-GE
briefly,kurz,EN-GE
buyer,käufer,EN-GE
cable,kabel,EN-GE
calm,ruhig,EN-GE
candle,kerze,EN-GE
celebrate,feiern,EN-GE
chest,brust,EN-GE
chocolate,schokolade,EN-GE
clerk,schreiber,EN-GE
cloud,wolke,EN-GE
comprehensive,umfassend,EN-GE
concentrate,konzentrieren,EN-GE
concert,konzert,EN-GE
conclusion,schlussfolgerung,EN-GE
contribution,beitrag,EN-GE
convince,überzeugen,EN-GE
cookie,keks,EN-GE
counter,zähler,EN-GE
courage,mut,EN-GE
curious,neugierig,EN-GE
dad,papa,EN-GE
desk,schreibtisch,EN-GE
dirty,dreckig,EN-GE
disagree,nicht zustimmen,EN-GE
downtown,innenstadt,EN-GE
drawer,schublade,EN-GE
establish,festlegen,EN-GE
establishment,einrichtung,EN-GE
estimate,schätzen,EN-GE
examination,untersuchung,EN-GE
flower,blume,EN-GE
garbage,müll,EN-GE
grand,großartig,EN-GE
grandfather,großvater,EN-GE
grocery,lebensmittelgeschäft,EN-GE
harm,schaden,EN-GE
honest,ehrlich,EN-GE
honey,honig,EN-GE
ignore,ignorieren,EN-GE
imply,implizieren,EN-GE
impression,eindruck,EN-GE
impressive,beeindruckend,EN-GE
improvement,verbesserung,EN-GE
independence,unabhängigkeit,EN-GE
informal,informell,EN-GE
inner,innere,EN-GE
insect,insekt,EN-GE
insist,darauf bestehen,EN-GE
inspection,inspektion,EN-GE
inspector,inspektor,EN-GE
king,könig,EN-GE
knee,knie,EN-GE
ladder,leiter,EN-GE
lawyer,anwalt,EN-GE
leather,leder,EN-GE
load,belastung,EN-GE
loose,lose,EN-GE
male,männlich,EN-GE
menu,menü,EN-GE
mine,bergwerk,EN-GE
mirror,spiegel,EN-GE
moreover,außerdem,EN-GE
neck,hals,EN-GE
penalty,elfmeter,EN-GE
pension,pension,EN-GE
piano,klavier,EN-GE
plate,teller,EN-GE
pleasant,angenehm,EN-GE
pleased,zufrieden,EN-GE
potato,kartoffel,EN-GE
profession,beruf,EN-GE
professor,professor,EN-GE
prompt,prompt,EN-GE
proposed,vorgeschlagen,EN-GE
purple,lila,EN-GE
pursue,verfolgen,EN-GE
quantity,menge,EN-GE
quiet,ruhig,EN-GE
reaction,reaktion,EN-GE
refuse,sich weigern,EN-GE
regret,bedauern,EN-GE
remaining,verbleibend,EN-GE
requirement,anforderung,EN-GE
reveal,offenbaren,EN-GE
ruin,ruine,EN-GE
rush,eilen,EN-GE
salad,salat,EN-GE
sexual,sexuell,EN-GE
shake,shake,EN-GE
shift,verschiebung,EN-GE
shine,scheinen,EN-GE
ship,schiff,EN-GE
sister,schwester,EN-GE
skirt,rock,EN-GE
slice,scheibe,EN-GE
snow,schnee,EN-GE
specialist,spezialist,EN-GE
specify,angeben,EN-GE
steal,stehlen,EN-GE
stroke,schlaganfall,EN-GE
strongly,stark,EN-GE
suck,saugen,EN-GE
sudden,plötzlich,EN-GE
supermarket,supermarkt,EN-GE
surround,umgeben,EN-GE
switch,schalter,EN-GE
terrible,furchtbar,EN-GE
tired,müde,EN-GE
tongue,zunge,EN-GE
trash,müll,EN-GE
tune,melodie,EN-GE
unable,unfähig,EN-GE
warn,warnen,EN-GE
weak,schwach,EN-GE
weakness,schwäche,EN-GE
wedding,hochzeit,EN-GE
wooden,hölzern,EN-GE
worried,besorgt,EN-GE
yeah,ja,EN-GE
zone,zone,EN-GE
accuse,beschuldigen,EN-GE
admire,bewundern,EN-GE
admit,eingestehen,EN-GE
adopt,adoptieren,EN-GE
affair,affäre,EN-GE
ambition,ambition,EN-GE
analyst,analytiker,EN-GE
anger,zorn,EN-GE
announce,bekannt geben,EN-GE
anybody,irgendjemand,EN-GE
apologize,entschuldigen,EN-GE
apple,apfel,EN-GE
approve,genehmigen,EN-GE
asleep,schlafend,EN-GE
assignment,zuordnung,EN-GE
assistant,assistent,EN-GE
attend,besuchen,EN-GE
award,vergeben,EN-GE
bathroom,badezimmer,EN-GE
bear,bär,EN-GE
bedroom,schlafzimmer,EN-GE
beer,bier,EN-GE
belong,gehören,EN-GE
bid,bieten,EN-GE
birthday,geburtstag,EN-GE
bitter,bitter,EN-GE
boot,boot,EN-GE
brilliant,genial,EN-GE
bug,fehler,EN-GE
camp,lager,EN-GE
candy,süßigkeiten,EN-GE
carpet,teppich,EN-GE
cat,katze,EN-GE
celebration,feier,EN-GE
champion,champion,EN-GE
championship,meisterschaft,EN-GE
channel,kanal,EN-GE
cheek,wange,EN-GE
client,klient,EN-GE
clock,uhr,EN-GE
comfort,komfort,EN-GE
commit,verpflichten,EN-GE
confident,zuversichtlich,EN-GE
conscious,bewusst,EN-GE
consequence,folge,EN-GE
cow,kuh,EN-GE
crack,riss,EN-GE
criticize,kritisieren,EN-GE
dare,wagen,EN-GE
dear,sehr geehrter,EN-GE
decent,anständig,EN-GE
delay,verzögern,EN-GE
departure,abreise,EN-GE
deserve,verdienen,EN-GE
destroy,zerstören,EN-GE
diamond,diamant,EN-GE
dirt,schmutz,EN-GE
disappointed,enttäuscht,EN-GE
drunk,betrunken,EN-GE
ear,ohr,EN-GE
embarrassed,verlegen,EN-GE
empty,leer,EN-GE
engineer,ingenieur,EN-GE
entrance,eingang,EN-GE
fault,fehler,EN-GE
female,weiblich,EN-GE
fortune,vermögen,EN-GE
friendship,freundschaft,EN-GE
funeral,beerdigung,EN-GE
gene,gen,EN-GE
girlfriend,freundin,EN-GE
grass,gras,EN-GE
guilty,schuldig,EN-GE
guy,kerl,EN-GE
hat,hut,EN-GE
hell,hölle,EN-GE
hesitate,zögern,EN-GE
highlight,markieren,EN-GE
honestly,ehrlich,EN-GE
hurry,eile,EN-GE
illustrate,veranschaulichen,EN-GE
incident,vorfall,EN-GE
indication,indikation,EN-GE
inevitable,unvermeidlich,EN-GE
inform,informieren,EN-GE
intention,absicht,EN-GE
invite,einladen,EN-GE
island,insel,EN-GE
joke,witz,EN-GE
jury,jury,EN-GE
kiss,kuss,EN-GE
lady,dame,EN-GE
leg,bein,EN-GE
lip,lippe,EN-GE
lonely,einsam,EN-GE
mad,wütend,EN-GE
manufacturing,herstellung,EN-GE
marry,heiraten,EN-GE
mate,kamerad,EN-GE
midnight,mitternacht,EN-GE
motor,motor-,EN-GE
neat,ordentlich,EN-GE
negotiation,verhandlung,EN-GE
nerve,nerv,EN-GE
nervous,nervös,EN-GE
nowhere,nirgends,EN-GE
obligation,verpflichtung,EN-GE
odd,ungerade,EN-GE
ok,ok,EN-GE
passage,passage,EN-GE
passenger,passagier,EN-GE
pen,stift,EN-GE
persuade,überzeugen,EN-GE
pizza,pizza,EN-GE
platform,plattform,EN-GE
poet,dichter,EN-GE
pollution,verschmutzung,EN-GE
pop,pop,EN-GE
pour,gießen,EN-GE
pray,beten,EN-GE
pretend,so tun als ob,EN-GE
previously,vorher,EN-GE
pride,stolz,EN-GE
priest,priester,EN-GE
prize,preis-,EN-GE
promise,versprechen,EN-GE
propose,vorschlagen,EN-GE
punch,schlagen,EN-GE
quit,verlassen,EN-GE
recognition,anerkennung,EN-GE
remarkable,bemerkenswert,EN-GE
remind,erinnern,EN-GE
reply,antworten,EN-GE
representative,vertreter,EN-GE
reputation,ruf,EN-GE
resident,einwohner,EN-GE
resist,widerstehen,EN-GE
resort,erholungsort,EN-GE
ring,ring,EN-GE
rip,ruhe in frieden,EN-GE
roof,dach,EN-GE
rope,seil,EN-GE
rub,reiben,EN-GE
sail,segel,EN-GE
scheme,schema,EN-GE
script,skript,EN-GE
shall,soll,EN-GE
shirt,hemd,EN-GE
silly,albern,EN-GE
sir,herr,EN-GE
slight,leicht,EN-GE
smart,smart,EN-GE
smile,lächeln,EN-GE
sock,socke,EN-GE
speaker,redner,EN-GE
spell,buchstabieren,EN-GE
station,station,EN-GE
stranger,fremder,EN-GE
stretch,strecken,EN-GE
stupid,blöd,EN-GE
submit,einreichen,EN-GE
substantial,erheblich,EN-GE
suppose,annehmen,EN-GE
surgery,chirurgie,EN-GE
suspicious,verdächtig,EN-GE
sympathy,sympathie,EN-GE
tale,geschichte,EN-GE
tall,hoch,EN-GE
tear,träne,EN-GE
temporary,vorübergehend,EN-GE
throat,kehle,EN-GE
tiny,sehr klein,EN-GE
toe,zehe,EN-GE
tomorrow,morgen,EN-GE
tower,turm,EN-GE
trainer,trainer,EN-GE
translate,übersetzen,EN-GE
truck,lkw,EN-GE
uncle,onkel,EN-GE
wake,aufwachen,EN-GE
weekly,wöchentlich,EN-GE
whoever,wer auch immer,EN-GE
witness,zeuge,EN-GE
wrap,wickeln,EN-GE
yesterday,gestern,EN-GE
